Feature ID	Taxon	Confidence
318299a9afc0b247675005dc838a61ff	d__Bacteria; p__Proteobacteria; c__Gammaproteobacteria; o__Pseudomonadales; f__Moraxellaceae; g__Enhydrobacter	0.901447330809579
187f9e0e659e33c01c5729527f459b6c	d__Bacteria; p__Proteobacteria; c__Gammaproteobacteria; o__Pseudomonadales; f__Moraxellaceae; g__Acinetobacter	0.9997080965141303
d71dd0d4416a9f72ab86ce9fe88f3bad	d__Bacteria; p__Proteobacteria; c__Gammaproteobacteria; o__Pseudomonadales; f__Moraxellaceae; g__Enhydrobacter	0.9014481974548152
e92c7180c772133c0c5ea63a8dc0ee6c	d__Bacteria; p__Proteobacteria; c__Gammaproteobacteria; o__Pseudomonadales; f__Moraxellaceae; g__Enhydrobacter	0.9142145131869486
5346946a8ce4bab4bb6491282d16c9ff	d__Bacteria; p__Bacteroidota; c__Bacteroidia; o__Flavobacteriales; f__Flavobacteriaceae; g__Flavobacterium; s__Flavobacterium_paronense	0.8262720430726346
786dfb206779c176672d242916f35705	d__Bacteria; p__Proteobacteria; c__Gammaproteobacteria; o__Pseudomonadales; f__Moraxellaceae; g__Enhydrobacter	0.8792777608651957
cbc131f2c772a6b9d95bf1a624074c82	d__Bacteria; p__Actinobacteriota; c__Actinobacteria; o__Corynebacteriales; f__Corynebacteriaceae; g__Corynebacterium	0.9874184505811328
480e4d3206b1e197a21afb1a256e4fa9	d__Bacteria; p__Proteobacteria; c__Gammaproteobacteria; o__Burkholderiales; f__Comamonadaceae	0.999917614526843
ca2a6c305904c63558a7a72f7a250163	d__Bacteria; p__Proteobacteria; c__Gammaproteobacteria; o__Pseudomonadales; f__Pseudomonadaceae; g__Pseudomonas; s__Azotobacter_sp.	0.8922827364355909
850362911b85841b526d5ace99ff4457	d__Bacteria; p__Proteobacteria; c__Gammaproteobacteria; o__Pseudomonadales; f__Pseudomonadaceae; g__Pseudomonas	0.9999191371354046
b21c8b4060649ddaa16eb773b9b1359e	d__Bacteria; p__Proteobacteria; c__Gammaproteobacteria; o__Burkholderiales; f__Rhodocyclaceae; g__Azospira	0.9530632549879758
955ac08d49654b26633b7591469535e9	d__Bacteria; p__Proteobacteria; c__Alphaproteobacteria; o__Rhizobiales; f__Hyphomicrobiaceae; g__Hyphomicrobium; s__Hyphomicrobium_vulgare	0.9058643026145298
86493d7e16b1afbe65a70e3e3547ab93	d__Bacteria; p__Proteobacteria; c__Gammaproteobacteria; o__Burkholderiales; f__Rhodocyclaceae; g__Zoogloea; s__Zoogloea_oryzae	0.9998789808225194
12b60af1e5aa83b0a9f70519f6ee4586	d__Bacteria; p__Proteobacteria; c__Gammaproteobacteria; o__Burkholderiales; f__Comamonadaceae; g__Limnohabitans	0.9620073826174526
da6a48c6f9f8c676ff9e0b13028d2544	d__Bacteria; p__Bacteroidota; c__Bacteroidia; o__Cytophagales; f__Spirosomaceae; g__Pseudarcicella; s__Pseudarcicella_sp.	0.9988109206201237
cd905dbf05a30a68b43752c861e9d67e	d__Bacteria; p__Bacteroidota; c__Bacteroidia; o__Flavobacteriales; f__Flavobacteriaceae; g__Flavobacterium; s__Flavobacterium_tiangeerense	0.7489986485500676
6164377d888e352f79938648d235680a	d__Bacteria; p__Proteobacteria; c__Gammaproteobacteria; o__Burkholderiales; f__Comamonadaceae; g__Limnohabitans	0.9996807197108054
9044f27373e070c58a0941841b89e296	d__Bacteria; p__Proteobacteria; c__Gammaproteobacteria; o__Burkholderiales; f__Comamonadaceae; g__Limnohabitans	0.7233209899146211
60e35380f31db94f076c161dc187a84f	d__Bacteria; p__Actinobacteriota; c__Actinobacteria; o__Corynebacteriales; f__Corynebacteriaceae; g__Corynebacterium	0.9909010171513953
e511d2c437699c9d17b03c19c1d3e748	d__Bacteria; p__Proteobacteria; c__Alphaproteobacteria; o__Sphingomonadales; f__Sphingomonadaceae	0.9999318148802075
076644b1f6454b3621c14ece726e00ac	d__Bacteria; p__Proteobacteria; c__Gammaproteobacteria; o__Burkholderiales; f__Burkholderiaceae; g__Polynucleobacter	0.9996766980352915
f8036f12e5383dfc678e70bcc49c2b65	d__Bacteria; p__Proteobacteria; c__Alphaproteobacteria; o__Thalassobaculales; f__Thalassobaculaceae; g__Thalassobaculum	0.9542724094887128
ba02c8bbf8456dfe7adbf65f5321b4b5	d__Bacteria; p__Proteobacteria; c__Gammaproteobacteria; o__Burkholderiales; f__Comamonadaceae; g__Limnohabitans	0.9996814924135273
1f59d10f0838e736b280b02fd8a9682f	d__Bacteria; p__Proteobacteria; c__Gammaproteobacteria; o__Burkholderiales; f__Burkholderiaceae; g__Polynucleobacter	0.9997141477519261
83d463cb36f01b33138d9d783e960903	d__Bacteria; p__Proteobacteria; c__Alphaproteobacteria; o__Acetobacterales; f__Acetobacteraceae	0.99993692704776
023a6eafeecd68586e165d18c9d1d7cf	d__Bacteria; p__Proteobacteria; c__Alphaproteobacteria; o__Caulobacterales; f__Caulobacteraceae	0.9999297858550967
123c40dadd6e20b466bd68e8fbcc73e5	d__Bacteria; p__Actinobacteriota; c__Actinobacteria; o__Propionibacteriales; f__Propionibacteriaceae; g__Cutibacterium	0.9993687194479604
3e0e3d84d6fa032d7f6fe180d566b789	d__Bacteria; p__Proteobacteria; c__Alphaproteobacteria; o__Acetobacterales; f__Acetobacteraceae	0.9999929128056458
e6176ec79190239880864ece9d911110	d__Bacteria	0.746809266142182
d22a265f6ac3ae33a85c4ca8234c5b9d	d__Bacteria; p__Actinobacteriota; c__Actinobacteria; o__Micrococcales	0.75965889354232
fb74c381b9fd017830f4d4281aee28a9	d__Bacteria; p__Proteobacteria; c__Gammaproteobacteria; o__Burkholderiales; f__Comamonadaceae; g__Limnohabitans	0.7498786420626856
310535c437ea15fae6f0c899009082e6	d__Bacteria; p__Proteobacteria; c__Gammaproteobacteria; o__Burkholderiales; f__Burkholderiaceae; g__Polynucleobacter	0.9999118776677219
af6819a532a8f8c73b96d22fce03e7d8	d__Bacteria; p__Firmicutes; c__Bacilli; o__Staphylococcales; f__Staphylococcaceae; g__Staphylococcus	0.999501255344505
7a0f49e66cd0f6afe8afa9b0a2b032b7	d__Bacteria	0.7164039268182568
5f534e8dba81869a3c41f7fcab0febdc	d__Bacteria; p__Proteobacteria; c__Gammaproteobacteria; o__Burkholderiales; f__Methylophilaceae; g__Methylotenera; s__Methylotenera_versatilis	0.9219397464501901
4ffd99d463e16f0523afb2495dc697f7	d__Bacteria; p__Proteobacteria; c__Gammaproteobacteria; o__Burkholderiales; f__Gallionellaceae	0.9456809601430203
a81478972d1a441ee9012d8b1e7be222	d__Bacteria; p__Bacteroidota; c__Bacteroidia; o__Cytophagales; f__Spirosomaceae; g__Pseudarcicella; s__Pseudarcicella_sp.	0.9446895013106398
0771b7ad9b99c25986b2bb411f6aed65	d__Bacteria; p__Actinobacteriota; c__Actinobacteria; o__Propionibacteriales; f__Propionibacteriaceae; g__Cutibacterium	0.9999783264140569
1761d049309077c05a7bfeaf8d6def79	d__Bacteria; p__Proteobacteria; c__Gammaproteobacteria; o__Xanthomonadales; f__Xanthomonadaceae; g__Stenotrophomonas	0.9383661881553387
a134166697941e1635ad3995e8301578	d__Bacteria; p__Proteobacteria; c__Gammaproteobacteria; o__Burkholderiales; f__Comamonadaceae	0.9580994030423562
b56176875ee0181a95623efd189b3cc0	d__Bacteria; p__Proteobacteria; c__Gammaproteobacteria; o__Pseudomonadales; f__Moraxellaceae; g__Enhydrobacter	0.8836209484409154
4d59bc771b1df3afc7c7d680e6b69e5a	d__Bacteria; p__Bdellovibrionota; c__Bdellovibrionia; o__Bacteriovoracales; f__Bacteriovoracaceae; g__Bacteriovorax	0.9999998664437487
f9165f0c674b7c532ee39a574c580298	d__Bacteria; p__Proteobacteria; c__Gammaproteobacteria; o__Burkholderiales; f__Methylophilaceae; g__Methylotenera; s__Methylotenera_versatilis	0.9018519087092004
461371c6b5a079e563e57520d163376d	d__Bacteria; p__Firmicutes; c__Bacilli; o__Bacillales; f__Bacillaceae; g__Anoxybacillus	0.9996107242138912
49dc9381bf9ea1e960cbf39c00d308d1	d__Bacteria; p__Firmicutes; c__Bacilli; o__Staphylococcales; f__Staphylococcaceae; g__Staphylococcus	0.9816334917284045
621359a6d6a6335bacb15c45f5c957a1	d__Bacteria; p__Proteobacteria; c__Gammaproteobacteria; o__Burkholderiales; f__Alcaligenaceae	0.9996432128325522
4a3488905ed8a2b538faa7c68c443e7f	d__Bacteria; p__Proteobacteria; c__Gammaproteobacteria; o__Pseudomonadales; f__Moraxellaceae; g__Acinetobacter	0.9999749108711434
a765aeea0349c6f92308913766036f82	d__Bacteria; p__Planctomycetota; c__Planctomycetes; o__Planctomycetales; f__Schlesneriaceae; g__Schlesneria	0.975484621216947
6e6786bf897c24b0a4ce714894e4f5ea	d__Bacteria; p__Actinobacteriota; c__Actinobacteria; o__Corynebacteriales; f__Corynebacteriaceae; g__Corynebacterium	0.9362029956442097
1e930e1cd48ddccd71ba276a08de56f8	d__Bacteria; p__Bacteroidota; c__Bacteroidia; o__Cytophagales; f__Spirosomaceae; g__Pseudarcicella	0.9648585811278674
1858160fc788b0a74a5f38cc469bf675	d__Bacteria; p__Bacteroidota; c__Bacteroidia; o__Flavobacteriales; f__Flavobacteriaceae; g__Flavobacterium	0.9988053600917154
6811a545a0741938bf6406e4b15775e2	d__Bacteria; p__Actinobacteriota; c__Actinobacteria; o__Micrococcales; f__Dermacoccaceae; g__Dermacoccus	0.8984210298891502
5b93e08a36c5c898d4404373db39e77e	d__Eukaryota	0.7547299091551903
9b10b1cde717eeca208f573a70c0996d	d__Bacteria; p__Actinobacteriota; c__Actinobacteria; o__Frankiales; f__Sporichthyaceae	0.9950595552277531
665554fce65ba21200b08ba260d56506	d__Bacteria; p__Actinobacteriota; c__Actinobacteria; o__Frankiales; f__Sporichthyaceae; g__hgcI_clade	0.9416669513480698
4d7e8e67d46ef293022e965938dd8f76	d__Bacteria; p__Proteobacteria; c__Alphaproteobacteria; o__Rhodobacterales; f__Rhodobacteraceae; g__Paracoccus	0.9807485004198444
fb52371f3bc81a03cd4298ec0d59ab2b	d__Bacteria; p__Proteobacteria; c__Gammaproteobacteria; o__Burkholderiales; f__Alcaligenaceae	0.9996769955917163
7ce7748f486023b2804eff3d7b118620	d__Bacteria; p__Nitrospirota; c__Nitrospiria; o__Nitrospirales; f__Nitrospiraceae; g__Nitrospira	0.9998954778373439
b5fffac5917e0dd7c593a54da358027a	d__Bacteria	0.7462229863216616
fdbc8d39bdf3d974200e02e373796d2c	d__Bacteria; p__Proteobacteria; c__Alphaproteobacteria; o__Caulobacterales; f__Caulobacteraceae	0.9998549116640163
2178b29d59e6b96cab16423d2011f112	d__Bacteria; p__Proteobacteria; c__Gammaproteobacteria; o__Burkholderiales; f__Methylophilaceae	0.9996933257731782
c7a20beea87fa6dfd9429c090ac70128	d__Bacteria; p__Bacteroidota; c__Bacteroidia; o__Cytophagales; f__Spirosomaceae; g__Emticicia; s__Emticicia_sediminis	0.9786395416934962
a1ab791d8513560d04a10b77515296ac	d__Bacteria; p__Bacteroidota; c__Bacteroidia; o__Chitinophagales; f__Chitinophagaceae; g__Sediminibacterium	0.9984200724502433
a22c9a3c493eb02cd0c1a268151726be	d__Bacteria; p__Actinobacteriota; c__Actinobacteria; o__Micrococcales; f__Dermacoccaceae	0.7741203444845269
8abcf7f48d639b5ea95cbdca5d02d7df	d__Bacteria; p__Actinobacteriota; c__Actinobacteria; o__Pseudonocardiales; f__Pseudonocardiaceae; g__Saccharopolyspora	0.8564215712313523
aaa5d82609ec9f7047198f9c99f19098	d__Bacteria; p__Proteobacteria; c__Gammaproteobacteria; o__Burkholderiales; f__Comamonadaceae; g__Limnohabitans; s__Limnohabitans_sp.	0.7506913342653689
7f2da86196e0d2989a63f6f72a54cdae	d__Bacteria; p__Bacteroidota; c__Bacteroidia; o__Sphingobacteriales; f__Sphingobacteriaceae; g__Mucilaginibacter	0.9966483366873427
84c08909de81ba8688a7d2ffef02998d	d__Bacteria; p__Bacteroidota; c__Bacteroidia; o__Chitinophagales; f__Chitinophagaceae	0.9999995833027839
8ea5b4b47be0e00952f4f81d32441fd5	d__Bacteria; p__Bacteroidota; c__Bacteroidia; o__Cytophagales; f__Spirosomaceae; g__Emticicia; s__Emticicia_sediminis	0.9794150302783954
e0138b0a99adbad4d09b0f588432353f	d__Bacteria; p__Proteobacteria; c__Gammaproteobacteria; o__Enterobacterales	0.9997347676867853
523a949ba02db9d1c504b991a7204acb	d__Bacteria; p__Bacteroidota; c__Bacteroidia	0.9999615097226854
2ccf716a54e151b0d44d92913acc8df4	d__Bacteria; p__Bacteroidota; c__Bacteroidia; o__Flavobacteriales; f__Weeksellaceae; g__Chryseobacterium	0.9962747341443152
7be72a310ea8eb4de3fa4bba92ebe558	d__Bacteria; p__Actinobacteriota; c__Actinobacteria	0.999866657558311
65505ff7c8f2abba3bf532cb01675b36	d__Bacteria; p__Proteobacteria; c__Gammaproteobacteria; o__Pseudomonadales; f__Moraxellaceae; g__Paraperlucidibaca	0.9390419703634904
85d4c406bb1a5c0f1e089b79cf69ccce	d__Bacteria; p__Proteobacteria; c__Gammaproteobacteria; o__Burkholderiales; f__Alcaligenaceae	0.9996801388642728
02ca875abf9e561e16ae41bbe2fabbee	d__Eukaryota	0.8962526923985865
1ca6dcae4c22e8e82ecacfb6439fcaf4	d__Bacteria; p__Proteobacteria; c__Gammaproteobacteria; o__Legionellales; f__Legionellaceae; g__Legionella	0.9390599589539091
ecb05329e0b70f3a6063903805f1a6de	d__Bacteria; p__Bacteroidota; c__Bacteroidia; o__Sphingobacteriales; f__Sphingobacteriaceae; g__Mucilaginibacter	0.9960604436897761
86907657bba20a641cc02074ebe0828b	d__Bacteria	0.7087016346341647
eca0cc90c2c2b7e4372987dfa6268bd3	d__Bacteria	0.8305579580459008
53505aef64ae104f976f5ec8506a75fc	d__Bacteria; p__Actinobacteriota; c__Actinobacteria; o__Corynebacteriales	0.7766499389268755
1e405705cd52f65a7702c262e11ac865	d__Bacteria; p__Proteobacteria; c__Alphaproteobacteria; o__Caulobacterales; f__Caulobacteraceae; g__Brevundimonas	0.9868037070515847
4761bd0479ce69f38f3cb57ab60783ed	d__Eukaryota	0.7177841226958341
945fb3fbb106758d7a5555441cfe0fe2	d__Bacteria; p__Bacteroidota; c__Bacteroidia; o__Cytophagales; f__Spirosomaceae; g__Emticicia; s__Emticicia_sediminis	0.9521648961113763
0d77917fe026bb9ddf7dd8a34ff0730a	d__Bacteria; p__Proteobacteria; c__Gammaproteobacteria; o__Pseudomonadales; f__Moraxellaceae; g__Acinetobacter; s__Acinetobacter_ursingii	0.9486927512267175
a7c77ab7988d9ec596fb65e57ca31e14	d__Bacteria	0.8389862618899687
d9472e49ad0d4bc3e31cb102aca92fb2	d__Bacteria	0.9999999963965659
4a107cef24de08124a67872e1c94d59e	d__Bacteria; p__Bacteroidota; c__Bacteroidia; o__Chitinophagales; f__Chitinophagaceae; g__Edaphobaculum	0.8071533523452971
26e6912d8d43261fc7b7978bfb20228c	d__Bacteria; p__Bacteroidota; c__Bacteroidia; o__Cytophagales; f__Microscillaceae	0.9999811128905319
325b7fb9807efb8f93a508646c62b1d4	d__Bacteria; p__Proteobacteria; c__Alphaproteobacteria; o__Caulobacterales; f__Caulobacteraceae	0.9998492237081248
606060beded518ac8b4b3528014e6f34	d__Bacteria; p__Verrucomicrobiota; c__Verrucomicrobiae; o__Verrucomicrobiales; f__Rubritaleaceae; g__Luteolibacter; s__Luteolibacter_luojiensis	0.8114521182433299
3cb099eba592031e33da670b3322705d	d__Bacteria; p__Proteobacteria; c__Gammaproteobacteria; o__Methylococcales; f__Methylomonadaceae	0.9739786525112896
a66e11a7d59633a50991d19acdc926f3	d__Bacteria; p__Proteobacteria; c__Gammaproteobacteria; o__Pseudomonadales; f__Moraxellaceae; g__Acinetobacter; s__Acinetobacter_plantarum	0.9969359030338945
8b4826453e9de172ecb30ac392edca0c	d__Bacteria; p__Bacteroidota; c__Bacteroidia; o__Cytophagales; f__Spirosomaceae; g__Pseudarcicella	0.964858636553425
b55653dc2e326a9579346f166aaa5418	d__Bacteria; p__Proteobacteria; c__Gammaproteobacteria; o__Pseudomonadales; f__Moraxellaceae; g__Enhydrobacter	0.9014771693541611
d15e5bba2fb2ca2cf64b57fde2542b7f	d__Bacteria	0.9998683258152813
ede60f4dea05b2bc6e34b69ce077a8b6	d__Bacteria; p__Proteobacteria; c__Gammaproteobacteria; o__Burkholderiales; f__Comamonadaceae; g__Aquabacterium	0.9909431915138314
8e1dd92b961ba546e63825937ba063d4	d__Bacteria; p__Armatimonadota; c__Fimbriimonadia; o__Fimbriimonadales; f__Fimbriimonadaceae; g__Fimbriimonadaceae	0.9740275157609053
26b4d2b4a0738cb051a633eb62a4452e	d__Bacteria	0.99999952268491
25d43da18055e1d88882c09ce577d060	d__Bacteria; p__Bacteroidota; c__Bacteroidia; o__Cytophagales; f__Microscillaceae; g__uncultured; s__Hassallia_byssoidea	0.915223793390527
fd22e3a512f625223a6ad92f44a618c7	d__Bacteria; p__Proteobacteria; c__Alphaproteobacteria	0.968910343787074
5c0346b5ecda58aefc9b41277536915d	d__Bacteria; p__Firmicutes; c__Clostridia; o__Peptostreptococcales-Tissierellales; f__Peptostreptococcales-Tissierellales; g__Helcococcus	0.9089725843875327
d16b33fe318a7ef8f80d40e64738442f	d__Bacteria; p__Cyanobacteria; c__Cyanobacteriia; o__Chloroplast; f__Chloroplast; g__Chloroplast	0.9892234437460128
907d0d0dc95ac5463f0551c88c760fb3	d__Bacteria; p__Cyanobacteria; c__Vampirivibrionia; o__Obscuribacterales; f__Obscuribacteraceae; g__Candidatus_Obscuribacter	0.7318228484147348
e176fbe71ea2fb9fd06d41314df96bcc	d__Bacteria; p__Firmicutes; c__Bacilli; o__Lactobacillales; f__Streptococcaceae; g__Streptococcus; s__Streptococcus_vestibularis	0.7753944584074239
543dad8e40864f2e880fa1b2ceca30b5	d__Eukaryota	0.7282554266782583
